"state","sample","p0_khz","p0max_khz","p3_khz","p3max_khz","p7_khz","p7max_khz","usb_w","battery_charge_w","system_proxy_w","temp_c","load1"
"native","1","2016000","2016000","2707200","2803200","2092800","3187200","2.1402","0.6118","1.5284","30","0.19"
"native","2","2016000","2016000","2707200","2803200","2227200","3187200","2.1358","0.0712","2.0646","30","0.5"
"native","3","2016000","2016000","2707200","2803200","3187200","3187200","2.1389","0.4459","1.6929","30","0.5"
"native","4","2016000","2016000","2707200","2803200","2092800","3187200","2.1416","0.4568","1.6848","30","0.5"
"native","5","2016000","2016000","2707200","2803200","1843200","3187200","2.1389","0.5777","1.5612","30","0.5"
"native","6","2016000","2016000","2707200","2803200","1843200","3187200","2.1407","0.1733","1.9674","30","0.54"
"native","7","2016000","2016000","2707200","2803200","1843200","3187200","2.1335","-0.6948","2.8284","30","0.54"
"native","8","2016000","2016000","2707200","2803200","3187200","3187200","2.1384","0.3266","1.8119","30","0.54"
"native","9","2016000","2016000","2707200","2803200","1843200","3187200","2.1407","-0.1515","2.2922","30","0.54"
"native","10","2016000","2016000","2707200","2803200","3187200","3187200","2.1416","0.2538","1.8878","30","0.54"
"native","11","2016000","2016000","2707200","2803200","1843200","3187200","2.1402","0.0944","2.0459","30","0.49"
"native","12","2016000","2016000","2707200","2803200","1977600","3187200","2.1161","0.4552","1.6609","30","0.49"
"native","13","2016000","2016000","2707200","2803200","3187200","3187200","2.1237","0.5265","1.5972","30","0.49"
"native","14","2016000","2016000","2707200","2803200","3187200","3187200","2.1237","0.2755","1.8482","30","0.49"
"native","15","2016000","2016000","2707200","2803200","3187200","3187200","2.1411","0.3823","1.7588","30","0.45"
"native","16","2016000","2016000","2707200","2803200","1843200","3187200","2.1232","0.2798","1.8434","30","0.45"
"native","17","2016000","2016000","2707200","2803200","1843200","3187200","2.1434","0.5466","1.5967","30","0.45"
"native","18","2016000","2016000","2707200","2803200","3187200","3187200","2.1402","-0.5916","2.7319","30","0.45"
"native","19","2016000","2016000","2707200","2803200","2592000","3187200","2.1367","0.2832","1.8534","30","0.42"
"native","20","2016000","2016000","2707200","2803200","1843200","3187200","2.1407","-0.0356","2.1762","30","0.42"
"native","21","2016000","2016000","2707200","2803200","1843200","3187200","2.1393","-0.5422","2.6815","30","0.42"
"native","22","2016000","2016000","2707200","2803200","1843200","3187200","2.1452","0.2336","1.9115","30","0.42"
"native","23","2016000","2016000","2707200","2803200","1843200","3187200","2.1353","-0.0155","2.1508","30","0.42"
"native","24","2016000","2016000","2707200","2803200","1843200","3187200","2.1183","0.3311","1.7872","30","0.62"
"native","25","2016000","2016000","2707200","2803200","1843200","3187200","2.1134","0.452","1.6615","30","0.62"
"native","26","2016000","2016000","2707200","2803200","3187200","3187200","2.1349","0.2522","1.8827","30","0.62"
"native","27","2016000","2016000","2707200","2803200","1843200","3187200","2.1192","0.5047","1.6145","30","0.62"
"native","28","2016000","2016000","2707200","2803200","3187200","3187200","2.1335","0.4813","1.6522","30","0.73"
"native","29","2016000","2016000","2707200","2803200","1843200","3187200","2.1407","0.2986","1.8421","30","0.73"
"native","30","2016000","2016000","2707200","2803200","1843200","3187200","2.1197","0.393","1.7266","30","0.73"
"native","31","2016000","2016000","2707200","2803200","3187200","3187200","2.1393","0.0093","2.1301","30","0.73"
"native","32","2016000","2016000","2707200","2803200","2476800","3187200","2.1393","-1.078","3.2174","30","0.68"
"native","33","2016000","2016000","2707200","2803200","3187200","3187200","2.1371","0.0974","2.0397","30","0.68"
"native","34","2016000","2016000","2707200","2803200","1843200","3187200","2.1411","0.4783","1.6628","30","0.68"
"native","35","2016000","2016000","2707200","2803200","2092800","3187200","2.1411","0.017","2.1241","30","0.68"
"native","36","2016000","2016000","2707200","2803200","1843200","3187200","2.1371","0.0866","2.0505","30","0.68"
"native","37","2016000","2016000","2707200","2803200","3187200","3187200","2.1371","-0.1314","2.2685","30","0.78"
"native","38","2016000","2016000","2707200","2803200","3187200","3187200","2.1416","0.263","1.8785","30","0.78"
"native","39","2016000","2016000","2707200","2803200","1843200","3187200","2.1349","0.4424","1.6925","30","0.78"
"native","40","2016000","2016000","2707200","2803200","1843200","3187200","2.1393","0.1624","1.9769","30","0.78"
"native","41","2016000","2016000","2707200","2803200","2092800","3187200","2.1384","0.6255","1.5129","30","0.72"
"native","42","2016000","2016000","2707200","2803200","1843200","3187200","2.1389","0.4038","1.7351","30","0.72"
"native","43","2016000","2016000","2707200","2803200","1843200","3187200","2.134","0.4117","1.7222","30","0.72"
"native","44","2016000","2016000","2707200","2803200","1843200","3187200","2.1268","0.3452","1.7816","30","0.72"
"native","45","2016000","2016000","2707200","2803200","3187200","3187200","2.142","0.469","1.673","30","0.66"
